kanji,meaning,readings,compounds,sentence,kana,translation,radicals,confusables
不,"negative, non-","フ, ブ","不足 (ふそく·0) = insufficiency, shortage; 不安 (ふあん·0) = anxiety, uneasiness; 不当 (ふとう·0) = injustice, unfair; 不全 (ふぜん·0) = partial, incomplete; 不動 (ふどう·0,1) = immobility, motionless",不妊症です。,,不妊症 です,｜ ノ 一 丶,"否,垂,乃"
世,"world, generation, society, public","セイ, セ; よ","世界 (せかい·1) = world, society; 世代 (せだい·1,0) = generation, age; 世話 (せわ·2) = looking after, help; 世話人 (せわにん·0) = manager, sponsor, agent",世論に聞け。,,世論 に 聞く,｜ 一,"華,曹,垂"
主,"main, principle","シュ, ス; ぬし, おも, あるじ","主 (おも·1) = main, principal, important; 主人 (しゅじん·1) = master, landlord, husband, employer; 主食 (しゅしょく·0) = staple food; 主語 (しゅご·1) = subject; 持ち主 (もちぬし·2) = owner, proprietor",私は主婦です。,,私(わたし) は 主婦 です,王 丶,"玉,球,注"
乗,"to ride, to board, to get on","ジョウ, ショウ; の.る, の.せる","乗る (のる·0) = to ride, to board, to get on; 乗せる (のせる·0) = to give a ride, to let (one) take part; 乗員 (じょういん·0) = crew; 乗り場 (のりば·0) = place for boarding vehicles; 乗り物 (のりもの·0) = vehicle",乗船する。,,乗船 為る(する),｜ ノ 一 禾 ハ,"垂,乃,丑"
事,"matter, thing, fact","ジ, ズ; こと","仕事 (しごと·0) = work, occupation; 火事 (かじ·1) = fire; 食事 (しょくじ·0) = meal; 行事 (ぎょうじ·1,0) = event, function; 出来事 (できごと·2) = incident, affair, event",お見事！,,お見事,一 口 亅 ヨ,"司,可,了"
京,capital,"キョウ, ケイ; みやこ",東京 (とうきょう·0) = Tokyo - Capital of Japan; 京子 (きょうこ) = kyoko; 京都 (きょうと·1) = kyoto; 上京 (じょうきょう·0) = heading to the capital,東京駅なう。,,東京 駅 ナウ,口 小 亠,"諒,涼,椋"
仕,"attend, do","シ, ジ; つか.える","仕える (つかえる·3,0) = to serve, to work for; 仕事 (しごと·0) = work, occupation; 仕事場 (しごとば·0) = place where one works; 仕上げる (しあげる·3) = to finish up, to complete",さあ仕事だ。,,さあ 仕事 だ,化 士,"任,俵,志"
代,"age, generation, substitute","ダイ, タイ; か.わる, か.える, よ, しろ","代わる (かわる·0) = to take the place of; 時代 (じだい·0) = period, era; 世代 (せだい·1,0) = generation, age; 代金 (だいきん·1,0) = price, payment, cost, the bill",父は５０代です。,,父 は 代(だい) です,化 弋,"袋,黛,貸"
以,by means of,イ,"以上 (いじょう·1) = more than, over, this is all; 以下 (いか·1) = less than, below, under; 以内 (いない·1) = within, inside of; 以外 (いがい·1) = with the exception of",以上ですか？,,以上 ですか,｜ 人 丶,"州,似,酬"
低,"short, humble","テイ; ひく.い, ひく.める, ひく.まる","低い (ひくい·2) = short, low, humble; 低音 (ていおん·0) = low tone, bass; 低下 (ていか·0) = fall, decline, deterioration; 高低 (こうてい·0,1) = high and low, rise and fall; 低地 (ていち·0) = lowland, plain, low ground",あの映画、最低！,,彼の(あの) 映画 最低,化 氏 一,"体,但,侑"
住,"live, dwell, reside","ジュウ, チュウ; す.む, す.まう","住む (すむ·1) = to reside, to live in; 住所 (じゅうしょ·1) = address (eg house), residence; 安住 (あんじゅう·0) = living peaceably",住めば都。,,住む 都(みやこ),王 化 丶,"玉,主,球"
体,"body, object, reality","タイ, テイ; からだ, かたち","体 (からだ·0) = body, health; 本体 (ほんたい·1,0) = substance, real form; 死体 (したい·0) = corpse; 人体 (じんたい·1) = human body; 正体 (しょうたい·1) = natural shape, true character",金より体。,,金(かね) より 体(からだ),木 一 化,"本,休,森"
作,"make, create","サク, サ; つく.る, つく.り","作る (つくる·2) = to make, to create; 作家 (さっか·0) = author, writer; 工作 (こうさく·0) = work, handicraft; 作り話 (つくりはなし·4) = fiction, made-up story, myth",何を作ったの？,,何 を 作る の,｜ ノ 化 一 乞,"垂,乃,丑"
使,to use,"シ; つか.う, つか.い, -づか.い",使う (つかう·0) = to use; 使い方 (つかいかた·0) = way to use something; 天使 (てんし·1) = angel; 使者 (ししゃ·1) = messenger,何に使うの？,,何 に 使う の,ノ 一 化 口,"佑,右,呂"
便,"convenience, post","ベン, ビン; たよ.り","便 (びん·1) = mail, post; 不便 (ふべん·1) = inconvenience; 小便 (しょうべん·3) = urine; 大便 (だいべん·3) = feces, excrement",嘘も方便。,,嘘 も 方便(ほうべん),｜ ノ 一 化 日 田,"更,伸,働"
借,"borrow, rent",シャク; か.りる,"借りる (かりる·0) = to borrow; 借金 (しゃっきん·3) = debt, loan, liabilities; 借り物 (かりもの·0) = borrowed thing",私には借金がない。,,私(わたし) には 借金 が 無い,化 日 廾 二,"仁,錯,晶"
働,work,ドウ; はたら.く,"働く (はたらく·0) = to work, to labour; 働き者 (はたらきもの·0) = hardworker, hard working person; 働き口 (はたらきぐち·0,4) = position, opening",彼は働き者だ。,,彼(かれ) は 働き者 だ,｜ 一 化 力 日 ノ,"勲,動,便"
元,"beginning, origin","ゲン, ガン; もと","元々 (もともと·0) = originally, by nature, from the start; 元気 (げんき·1) = health, spirit; 耳元 (みみもと·0,3) = close to the ear; 地元 (じもと·0,3) = local; 元日 (がんじつ·0) = new year's day",元気？,,元気,二 儿,"発,廃,完"
兄,elder brother,"ケイ, キョウ; あに","お兄さん (おにいさん·2) = (someone else's) elder brother; 兄 (あに·1) = (your own) elder brother; 父兄 (ふけい·2,1) = guardians, parents and older brothers",兄がいます。,,兄(あに) が 居る(いる),口 儿,"競,祝,況"
光,"ray, light","コウ; ひか.る, ひかり","光 (ひかり·3) = light; 光る (ひかる·2) = to shine, to be bright; 電光 (でんこう·0) = lightning; 月光 (げっこう·0) = moonlight; 日光 (にっこう·1) = sunlight, Nikko (place name)",光は闇を貫く。,,光 は 闇 を 貫く,一 尚 儿,"晃,輝,甚"
写,"copy, describe","シャ; うつ.す, うつ.る","写す (うつす·2) = to copy, to duplicate; 写し (うつし·3) = copy, fax, transcript; 写真 (しゃしん·0) = photograph; 生き写し (いきうつし·0,3) = lifelike, exact resemblance; 写真屋 (しゃしんや·0) = photo studio, photographer",写真を撮ろう。,,写真を撮る,一 冖 勹,"畳,朽,巧"
冬,winter,トウ; ふゆ,"冬 (ふゆ·2) = winter; 冬場 (ふゆば·0) = winter season; 冬物 (ふゆもの·0) = winter clothing; 冬日 (ふゆび·0,2) = the winter sun",冬は去った。,,冬 は 去る,夂 丶 攵,"柊,条,各"
切,"cut, be sharp","セツ, サイ; き.る, き.れる","切る (きる·1) = to cut, to chop; 大切 (たいせつ·0) = important, valuable; 切手 (きって·0) = postage stamp; 親切 (しんせつ·1,0) = kind, gentle; 不親切 (ふしんせつ·2) = unkindness, unfriendliness; 思い切り (おもいきり·0) = with all one's strength (heart)",ご親切に。,,ご親切に,刀 匕,"老,化,初"
別,"separate, another, extra","ベツ; わか.れる, わ.ける","別 (べつ·0) = another, particular; 別に (べつに·0) = (not) particularly, nothing; 別々に (べつべつに) = separately, individually; 特別 (とくべつ·0) = special; 別れる (わかれる·3) = to be divided, to part from; 別名 (べつめい·0) = alias, pseudonym",それは別問題だ。,,其れ は 別問題 だ,刈 口 力 勹,"句,加,舌"
力,"power, strength","リョク, リキ; ちから","力 (ちから·3) = force, strength, energy; 電力 (でんりょく·1,0) = electric power; 全力 (ぜんりょく·0) = all one's power; 力持ち (ちからもち·3) = muscle man, strong man; 有力者 (ゆうりょくしゃ·3,4) = influential person; 力士 (りきし·1,0) = Japanese sumo wrestler, strongman; 力作 (りきさく·0) = literary or artistic masterpiece; 馬力 (ばりき·0) = horse-power, h.p; 水力 (すいりょく·1) = hydraulic power",全力でやれ。,,全力 で(#2028980) 遣る,,
勉,exertion,ベン,"勉強 (べんきょう·0) = study, diligence; 勉学 (べんがく·0) = study, pursuit of knowledge; 不勉強 (ふべんきょう·2) = idleness, lack of application",勉強するな。,,勉強 な,力 免 儿 勹,"晩,逸,勘"
動,"move, motion, change","ドウ; うご.く, うご.かす","動く (うごく·2) = to move; 動物 (どうぶつ·0) = animal; 自動 (じどう·0) = automatic, self-motion; 手動 (しゅどう·0) = manual; 不動 (ふどう·0,1) = immobility, motionless",動かないで！,,動く,｜ 一 日 力 里 ノ,"重,勲,働"
区,"section, area, zone",ク,"区 (く·1) = ward, district, section; 区別 (くべつ·1) = distinction, differentiation, classification; 区間 (くかん·1,2) = section (of track etc); 区切る (くぎる·2) = to punctate, to cut off, to put an end to; 区々 (まちまち·2,0) = (1) several, various, (2) trivial",彼は善悪の区別がない。,,彼(かれ) は 善悪の区別 が 無い,匚 丶 ノ,"欧,駆,殴"
医,"doctor, medicine",イ,"医者 (いしゃ·0) = doctor (medical); 医学 (いがく·1) = medical science, medicine; 医大 (いだい·0) = medical university, medical school; 医院 (いいん·1) = doctor's office (surgery), clinic; 医薬品 (いやくひん·0) = medical supplies",彼は医者だ。,,彼(かれ) は 医者 だ,矢 匚 乞,"臣,竹,巨"
去,"leave, gone, past","キョ, コ; さ.る","死去 (しきょ·1,2) = death; 去る (さる·1) = to leave, to go away; 去年 (きょねん·1) = last year; 去来 (きょらい·0) = coming and going; 連れ去る (つれさる·3) = to take away",冬は去った。,,冬 は 去る,土 厶,"至,法,却"
台,"stand, pedestal, counter for machines/vehicles","ダイ, タイ; うてな","台 (だい·1) = stand, rack; 台風 (たいふう·3) = typhoon; 台所 (だいどころ·0) = kitchen; 高台 (たかだい·0) = elevation, high ground; 一台 (いちだい·2) = one machine, one vehicle",台所にいます。,,台所 に 居る(いる),口 厶,"胎,治,怠"
合,"fit, suit, join","ゴウ, ガッ, カッ; あ.う, あ.わせる","合う (あう·1) = to fit, to suit, to match; 試合 (しあい·0) = match, tournament; 会合 (かいごう·0) = meeting; 合理 (ごうり·1) = rational, consistent; 似合う (にあう·2) = to suit, to match; 不合理 (ふごうり·2) = unreasonable, irrational, inconsistent",具合悪いの？,,具合 悪い(わるい) の,口 个 一,"含,吟,拾"
同,"same, agree, equal",ドウ; おな.じ,"同じ (おなじ·0) = same, similar; 同時 (どうじ·0,1) = simultaneously, concurrent, same time; 同然 (どうぜん·0) = similar to, natural, just; 同意 (どうい·0) = agreement, consent, approval; 同じよう (おなじよう) = similarly",ご同様に。,,御(ご) 同様に,口 冂 一,"銅,胴,洞"
味,"flavour, taste","ミ; あじ, あじ.わう","味 (あじ·0) = taste, flavour; 意味 (いみ·1) = meaning, significance; 地味 (じみ·2) = plain, simple; 持ち味 (もちあじ·2,0) = inherent flavour, distinctive characteristic,; 味わう (あじわう·3,0) = to taste, to savour, to relish",後味が悪い。,,後味 が 悪い(わるい),｜ 口 二 ハ 木 亠,"未,妹,来"
品,"goods, refinement, dignity",ヒン; しな,"品物 (しなもの·0) = goods, article, thing; 部品 (ぶひん·0) = parts, accessories; 上品 (じょうひん·3) = refined, elegant, polished; 品名 (ひんめい·0) = product name; 手品 (てじな·1) = trick, magic, juggling",返品お断り。,,返品 お断わり,口,"舌,石,邑"
員,"employee, member",イン,"店員 (てんいん·0) = shop assistant, employee; 工員 (こういん·0) = factory worker; 楽員 (がくいん·0) = band member; 駅員さん (えきいんさん) = station attendant; 工作員 (こうさくいん·4) = crafstman, handicraft worker",乗組員が多い。,,乗組員 が 多い,貝 目 ハ 口,"唄,賠,賀"
問,"question, ask, problem","モン; と.う, と.い, とん","問題 (もんだい·0) = problem, question; 不問 (ふもん·0) = ignorance; 自問 (じもん·0) = asking oneself",よい質問だ。,,良い 質問 だ,口 門,"閣,閲,舌"
回,"-times, round, counter for occurrences","カイ, エ; まわ.る, まわ.す","回 (かい·1) = counter for occurrences; 回る (まわる·0) = to turn, to revolve, to visit several places; 何回 (なんかい·1) = how many times?; 乗り回す (のりまわす·4,3) = to ride/drive around",回れ右！,,回る(まわる) 右,口 囗,"固,舌,石"
図,"map, drawing, plan","ズ, ト; はか.る","図 (ず·0) = drawing, picture, illustration; 地図 (ちず·1) = map; 意図 (いと·1) = intention, aim, design; 合図 (あいず·1) = sign, signal; 図書館 (としょかん·2) = library",図星ですか？,,図星 ですか,斗 囗,"口,科,料"
地,"ground, earth","チ, ジ","地 (ち·1) = earth; 地下 (ちか·1,2) = basement, underground; 地図 (ちず·1) = map; 地味 (じみ·2) = plain, simple; 地名 (ちめい·0) = place name; 地上 (ちじょう·0) = above ground",土地を耕す。,,土地 を 耕す,土 也,"走,赤,圭"
堂,"public chamber, hall",ドウ,"堂 (どう·1,0) = temple, shrin, hall; 堂々 (どうどう·0,3) = magnificent, impressive; 会堂 (かいどう·0) = church, chapel; 本堂 (ほんどう·1) = main temple building",堂々としなさい。,,堂々 為る(する) 為さい,口 尚 土 冖,"吐,掌,常"
場,"location, place",ジョウ; ば,"場 (ば·0) = place; 立場 (たちば·3,1) = standpoint, position, situation; 工場 (こうじょう·3) = factory, plant, mill; 広場 (ひろば·1) = plaza; 式場 (しきじょう·0) = place of ceremony (eg wedding); 酒場 (さかば·0,3) = bar, bar room",入場無料。,,入場 無料,土 日 一 勿,"垣,晋,旦"
声,"voice, sound","セイ, ショウ; こえ, こわ","声 (こえ·1) = voice; 声楽 (せいがく·0) = vocal music; 小声 (こごえ·0) = soft voice, whisper; 話し声 (はなしごえ·4) = speaking voice; 金切り声 (かなきりごえ·5) = shrill voice, piercing cry, scream",鼻声だね。,,鼻声 だ ね(#2029080),士 尸,"馨,戸,志"
売,sell,"バイ; う.る, う.れる","売る (うる·0) = to sell; 発売 (はつばい·0) = sale; 売り出す (うりだす·3) = to market, to put on sale; 売り場 (うりば·0) = place where things are sold, counter; 売り物 (うりもの·0) = article for sale, For Sale",商売は商売。,,商売 は 商売,士 儿 冖,"読,続,壱"
夏,summer,"カ, ゲ; なつ","夏 (なつ·2) = summer; 夏休み (なつやすみ·3) = summer holiday; 夏時間 (なつじかん·3) = summer time, daylight savings time; 夏場 (なつば·0) = summertime",夏が来た。,,夏(なつ) が 来る(くる),一 自 夂 目,"且,自,憂"
夕,evening,セキ; ゆう,"夕べ (ゆうべ·3,0) = evening; 七夕 (たなばた·0) = Star Festival; 夕方 (ゆうがた·0) = evening; 夕飯 (ゆうはん·0) = evening meal",夕方の五時です。,,夕方 の 五 時(とき) です,,
夜,"night, evening","ヤ; よ, よる","夜 (よる·1) = evening; 今夜 (こんや·1) = tonight, this evening; 夜学 (やがく·0) = night school, evening classes; 夜空 (よぞら·1) = night sky",夜だった。,,夜 だ,化 夕 亠,"液,衣,多"
太,"thick, plump","タイ, タ; ふと.い, ふと.る","太い (ふとい·2) = thick; 太る (ふとる·2) = to be on the heavy side; 太字 (ふとじ·0) = bold type, thick characters; 先太 (さきぶと·0) = thicker towards the end, club-shaped",笑って太れ。,,笑う 太る,大 丶,"犬,汰,駄"
好,"like something, pleasing","コウ; この.む, す.く, よ.い","好き (すき·2) = to like; 好意 (こうい·1) = good will, favour; 好む (このむ·2) = to like, to prefer; 好色 (こうしょく·0) = lust, sensuality, lewdness; 好都合 (こうつごう·3) = convenient, favourable",君が好きだ。,,君(きみ) が 好き(すき) だ,子 女,"要,李,安"
妹,younger sister,マイ; いもうと,妹 (いもうと·4) = younger sister; 姉妹 (しまい·1) = sisters; 妹川 (いもがわ) = Imogawa; 姉妹会社 (しまいがいしゃ) = sister companies; 姉妹都市 (しまいとし·4) = sister cities,妹さんは元気？,,妹さん は 元気,｜ 女 二 ハ 木 亠,"未,味,来"
姉,elder sister,シ; あね,姉 (あね·0) = (your own) older sister; 姉妹 (しまい·1) = sisters; お姉さん (おねえさん·2) = (someone elses) older sister,姉妹はいますか？,,姉妹 は 居る(いる) か,巾 女 亠,"市,衣,亡"
始,"commence, begin","シ; はじ.める, はじ.まる","始める (はじめる·0) = to start, to begin; 年始 (ねんし·1) = new year; 始業 (しぎょう·0) = start work, commencement, opening; 始終 (しじゅう·1) = continuously, from beginning to end",よし始め。,,よし 始める,口 女 厶,"如,台,舌"
字,"character, letter, word","ジ; あざ, あざな, -な","字 (じ·1) = character, letter, word; 漢字 (かんじ·0) = kanji, chinese characters; 赤字 (あかじ·0) = deficit, in the red; 名字 (みょうじ·1) = surname, family name; ローマ字 (ロマー字·3,0) = romanization, romaji",商売は赤字だ。,,商売 は 赤字 だ,子 宀,"李,家,定"
室,"room, apartment",シツ; むろ,室 (しつ·2) = room; 教室 (きょうしつ·0) = classroom; 室内 (しつない·2) = in the room,緊急室へ。,,緊急 室(しつ) へ,至 土 厶 宀,"窒,去,屋"
家,"house, home","カ, ケ; いえ, うち, や","家 (いえ·2) = house, one's home; 家族 (かぞく·1) = family; 作家 (さっか·0) = writer, author; 画家 (がか·0) = painter, artist; 家事 (かじ·1) = housework, chores",家が火事だ。,,家(いえ) が 火事 だ,宀 豕,"稼,嫁,逐"
寒,cold,カン; さむ.い,"寒い (さむい·2) = cold (weather); 寒がり (さむがり·3,4) = senstive to cold; 悪寒 (おかん·0) = chill, shakes",かなり寒い。,,可也 寒い,一 ハ 宀 丶 井,"異,寅,八"
屋,"house, roof, shop",オク; や,"小屋 (こや·2,0) = hut, cabin, shed; 屋上 (おくじょう·0) = rooftop; 料理屋 (りょうりや·3) = restaurant; 屋外 (おくがい·2) = outdoors; 屋内 (おくない·2) = indoors; 飲み屋 (のみや·2) = bar, pub",餅は餅屋。,,餅(もち) は 餅屋,至 土 厶 尸,"渥,握,去"
工,"craft, construction","コウ, ク","工場 (こうじょう·3) = factory, workshop; 人工 (じんこう·0) = artificial, man-made; 工学 (こうがく·0,1) = engineering; 木工 (もっこう·0) = woodworking, woodworker; 工員 (こういん·0) = factory worker",「道路工事中」,,道路 工事中,,
市,"city, town",シ; いち,"市 (し·1) = city, town; 市民 (しみん·1) = citizen, townspeople; 市内 (しない·1) = within a city; 市部 (しぶ·1) = urban areas",大都市は嫌いです。,,大都市 は 嫌い です,巾 亠,"肺,姉,衣"
帰,return,"キ; かえ.る, かえ.す","帰る (かえる·1) = to return, to go back, to go home; 帰す (かえす·1) = to send back; お帰り (おかえり·0) = return, welcome; 持ち帰り (もちかえり·0) = takeout (ie food)",家に帰るよ。,,家(いえ) に 帰る よ,ヨ 刈 巾 冖,"掃,婦,滞"
広,"wide, broad, spacious","コウ; ひろ.い, ひろ.める, ひろ.まる, ひろ.げる, ひろ.がる","広い (ひろい·2) = spacious, wide; 広める (ひろめる·3) = to broaden, to propogate; 広場 (ひろば·1) = plaza; 広大 (こうだい·0) = huge, very large",広いな！,,広い な,厶 广,"鉱,拡,魔"
度,"degrees, occurrence","ド, タク, ト; たび","何度 (なんど·1) = how many times? how often?; 度 (ど·0) = counter for occurrences; 度合い (どあい·0) = extent, degree; 強度 (きょうど·1) = strength, intensity; 一度に (いちどに·3) = all at once",また、今度な！,,又 今度,又 广 一 凵,"席,皮,凹"
建,build,"ケン, コン; た.てる, た.つ","建物 (たてもの·2,3) = building; 建てる (たてる·2) = to build, to construct; 建前 (たてまえ·0,3,2) = official stance, public position",あの建物を見て。,,彼の(あの) 建物 を 見る,廴 聿,"健,津,書"
引,"pull, tug, quote, refer to","イン; ひ.く, ひ.ける","引く (ひく·0) = to pull; 引き出す (ひきだす·3) = to pull out, to withdraw; 引き出し (ひきだし·0) = drawer; 引用 (いによう·0) = quotation, citation; 手引書 (てびきしょ·0,4) = handbook, manual, guide",引き返そう。,,引き返す,｜ 弓,"弔,沸,弟"
弟,younger brother,"テイ, ダイ, デ; おとうと","弟 (おとうと·4) = younger brother; 子弟 (してい·2,1) = younger people; 弟妹 (ていまい·0) = younger brother and sister; 兄弟 (きょうだい·1) = siblings",弟のです。,,弟 のです,｜ ノ 弓 并,"悌,引,弔"
弱,"weak, frail","ジャク; よわ.い, よわ.る, よわ.める","弱い (よわい·2) = weak, frail, delicate; 弱者 (じゃくしゃ·1) = the weak; 弱み (よわみ·3) = weakness; 弱虫 (よわむし·2) = weakling, coward; 弱気 (よわき·0) = timid, faint-hearted",地理は弱い。,,地理 は 弱い,弓 冫,"羽,次,張"
強,strong,"キョウ, ゴウ; つよ.い, つよ.める, し.いる","強い (つよい·2) = strong; 強まる (つよまる·3) = to get strong; 勉強 (べんきょう·0) = study, diligence; 強気 (つよき·0) = firm, strong; 強引 (ごういん·0) = overbearing, coercive, pushy",彼は強い。,,彼(かれ) は 強い(つよい),弓 虫 厶,"弘,触,蛮"
待,wait,タイ; ま.つ,"待つ (まつ·1) = to wait; 待合 (まちあい·0) = meeting place; 心待ち (こころまち·0,5) = anticipation, expectation",待ってあげる。,,待つ 上げる,寸 土 彳,"封,寺,走"
心,"heart, mind, spirit",シン; こころ,"心 (こころ·3,2) = heart, mind, spirit; 安心 (あんしん·0) = relief, peace of mind; 心理学 (しんりがく·3) = psychology; 心中 (しんちゅう·1,0) = in one's heart, true motives; 心地 (ここち·0) = feeling, sensation, mood",始めが肝心。,,初め が 肝心,,
思,think,シ; おも.う,"思う (おもう·2) = to think, to feel; 思い (おもい·2) = thought; 思い出す (おもいだす·4,0) = to recall, to remember; 思わず (おもわず·2) = spontaneous, unintentional",どう思う？,,如何(どう) 思う,心 田,"恵,偲,穂"
急,"hurry, sudden",キュウ; いそ.ぐ,"急 (きゅう·0) = urgent, sudden, steep; 急ぐ (いそぐ·2) = to hurry, to rush; 急行 (きゅうこう·0) = express train; 急死 (きゅうし·0) = sudden death",緊急室へ。,,緊急 室(しつ) へ,ヨ 心 勹,"穏,浄,慧"
悪,"bad, evil, wrong","アク, オ; わる.い","悪い (わるい·2) = bad, inferior; 最悪 (さいあく·0) = the worst; 悪質 (あくしつ·0) = bad quality; 悪さ (わるさ·1) = badness",悪かった。,,悪い(わるい),｜ 一 口 心,"忠,亜,中"
意,"idea, mind, thought",イ,"意味 (いみ·1) = meaning; 意見 (いけん·1) = opinion, view; 注意 (ちゅうい·1) = caution, being careful; 意外 (いがい·0,1) = unexpected, surprising; 民意 (みんい·1) = popular will",スリに注意。,,掏摸 に 注意,音 心 日 立,"憶,億,暗"
所,place,ショ; ところ,"所 (ところ·0) = place; 場所 (ばしょ·0) = place, location; 研究所 (けんきゅうじょ·0,5) = research place, laboratory; 住所 (じゅうしょ·1) = address, residence; 高所 (こうしょ·1) = heights, high altitude",この場所に？,,此の 場所 に,斤 戸 一 尸,"戸,丘,雇"
持,"hold, have",ジ; も.つ,"持つ (もつ·1) = to have, to hold, to carry; 気持ち (きもち·0) = feeling, sensation, mood; 持ち出す (もちだす·0,3) = to take out; 持ち味 (もちあじ·2,0) = inherent flavour, distinctive characteristic; 持ち帰る (もちかえる·3,0) = to carry back/home, to take out (food)",彼は金持ちだ。,,彼(かれ) は 金持ち だ,寸 土 扎,"封,寺,走"
教,"teach, faith","キョウ; おし.える, おそ.わる","教える (おしえる·0) = to teach, to inform; 教え (おしえ·0) = teaching, lesson; 文教 (ぶんきょう·0) = education",彼は教師です。,,彼(かれ) は 教師 です,子 老 攵 乞,"竹,敦,酵"
文,"sentence, literature, decoration","ブン, モン; ふみ","文 (ぶん·1) = sentence; 文学 (ぶんがく·1) = literature; 文書 (ぶんしょ·1) = document, writings, paperwork, records; 注文 (ちゅうもん·0) = order, request; 文学者 (ぶんがくしゃ·3,4) = literary person",文は人なり。,,文(ぶん) は 人(ひと) 也,,
料,"fee, materials",リョウ,"料理 (りょうり·1) = cooking, cuisine; 料金 (りょうきん·1) = fee, charge; 料理屋 (りょうりや·3) = restaurant; 試料 (しりょう·1) = sample, test piece",入場無料。,,入場 無料,斗 米,"迷,粒,科"
方,"direction, person, alternative","ホウ; かた, -かた, -がた","方 (かた·2) = (1) person, (2) way of doing; 考え方 (かんがえかた·5,6) = way of thinking; 見方 (みかた·3,2) = viewpoint; 味方 (みかた·0) = friend, person on side",嘘も方便。,,嘘 も 方便(ほうべん),,
旅,"trip, travel",リョ; たび,"旅 (たび·2) = travel, trip, journey; 旅行 (りょこう·0) = travel, trip; 旅館 (りょかん·0) = Japanese-style hotel; 旅人 (たびびと·0) = traveller; 旅先 (たびさき·0) = destination, goal",安全な旅を。,,安全 旅(たび) を,ノ 方 乞,"施,竹,族"
族,"tribe, family",ゾク,"家族 (かぞく·1) = family, members of family; 民族 (みんぞく·1) = people, race; 水族館 (すいぞくかん·4,3) = aquarium; 王族 (おうぞく·0) = royalty",彼は大家族だ。,,彼(かれ) は 大家族 だ,方 矢 乞,"竹,知,疾"
早,"early, fast","ソウ, サッ; はや.い, はや-, はや.める","早い (はやい·2) = early; 早める (はやめる·3) = to quicken, to expedite; 早口 (はやくち·2) = fast talking; 早起き (はやおき·2,3) = early rising",早く来い。,,早く 来る(くる),十 日,"草,朝,卓"
明,"bright, light","メイ, ミョウ, ミン; あか.るい, あ.ける, あ.く, あ.くる, あ.かす","明るい (あかるい·0,3) = bright, cheerful; 説明 (せつめい·0) = explanation; 不明 (ふめい·0) = unknown, ambiguous; 明日 (あした·3) = tomorrow; 発明 (はつめい·(名)0,(形動)2) = invention",また明日。,,また明日,月 日,"萌,脂,胆"
映,"reflect, reflection, projection","エイ; うつ.る, うつ.す, は.える","映画 (えいが·1,0) = movie, film; 映る (うつる·2) = to be reflected, to harmonize with; 映画館 (えいがかん·3) = movie theatre, cinema; 映える (はえる·2) = to shine, to look attractive, to look pretty",映画に行くの？,,映画 に 行く の,ノ 日 大 冖,"英,央,瑛"
春,spring,シュン; はる,春 (はる·1) = spring,今年は春が遅い。,,今年 は 春 が 遅い,一 二 日 人 大,"椿,天,亘"
昼,"daytime, noon",チュウ; ひる,"昼食 (ちゅうしょく·0) = lunch, midday meal",お昼にね。,,お昼 に ね(#2029080),一 日 尸 丶,"晋,旦,戸"
暑,hot,ショ; あつ.い,暑い (あつい·2) = hot; 暑さ (あつさ·1) = heat; 暑中 (しょちゅう·0) = mid-summer,今日は暑い。,,今日 は 暑い,日 老,"者,都,諸"
暗,"darkness, disappear",アン; くら.い,"暗い (くらい·0) = dark, gloomy; 真っ暗 (まっくら·3) = total darkness, pitch dark; 暗に (あんに·1) = implicitly",外は暗い。,,外(そと) は 暗い,音 日 立,"章,意,音"
曜,weekday,ヨウ,曜日 (ようび·0) = day of week; 木曜日 (もくようび·3) = thursday; 火曜日 (かようび·2) = tuesday; 水曜日 (すいようび·3) = wednesday,土曜日だよ。,,土曜日 だ よ,ヨ 日 隹,"晶,昌,燿"
有,"possess, have, exist","ユウ, ウ; あ.る","有名 (ゆうめい·0) = famous; 有用 (ゆうよう·0) = useful, helpful; 有事 (ゆうじ·1) = emergency",それは有難い。,,其れ は 有り難い,ノ 一 月,"郁,宥,侑"
服,clothing,フク,服 (ふく·2) = clothes; 洋服 (ようふく·0) = western clothes,いい服を買え。,,いい 服(ふく) を 買う,月 又 卩,"皮,朋,卯"
朝,"morning, period",チョウ; あさ,"朝 (あさ·1) = morning; 毎朝 (まいあさ·1,0) = every morning; 朝日 (あさひ·1) = morning sun; 朝食 (ちょうしょく·0) = breakfast (formal); 朝ご飯 (あさご飯·3) = breakfast; 今朝 (けさ·1) = this morning",あなたは朝型？,,貴方(あなた) は 朝型,月 十 日,"潮,明,早"
村,"town, village",ソン; むら,村 (むら·2) = village; 山村 (さんそん·0) = mountain village; 村人 (むらびと·0) = villager,村には娯楽がない。,,村 には 娯楽 が 無い,寸 木,"森,林,樹"
林,forest,リン; はやし,"林 (はやし·3,0) = woods, forest; 森林 (しんりん·0) = forest; 林業 (りんぎょう·1,0) = forestry",林に竹が目立つ。,,林 に 竹 が 目立つ,木,"森,麻,集"
森,"forest, woods",シン; もり,森 (もり·0) = forest; 森林 (しんりん·0) = forest,彼は森で迷った。,,彼(かれ) は 森 で(#2028980) 迷う,木,"林,麻,集"
業,"business, performance","ギョウ, ゴウ; わざ","業者 (ぎょうしゃ·1) = trader; 工業 (こうぎょう·1) = manufacturing industry; 休業 (きゅうぎょう·0) = closed (store), shutdown; 開業 (かいぎょう·0) = opening of business",彼は失業した。,,彼(かれ) は 失業 為る(する),｜ 一 王 并 木 羊 耒,"様,羊,琳"
楽,"music, comfort, ease","ガク, ラク; たの.しい, たの.しむ","楽 (らく·(名;形動)2,(名)1) = comfort, ease; 音楽 (おんがく·1) = music; 楽しむ (たのしむ·3) = to enjoy; 楽しい (たのしい·3) = enjoyable, fun",楽勝だよ。,,楽勝 だ よ,白 木 冫,"羽,森,林"
歌,"song, sing","カ; うた, うた.う","歌 (うた·2) = song, poetry; 歌う (うたう·0) = to sing; 歌手 (かしゅ·1) = singer; 国歌 (こっか·1,0) = national anthem; 歌声 (うたごえ·0,3) = singing voice",一曲歌いたい。,,一曲 歌う たい,一 欠 口 亅,"司,可,吹"
止,"stop, halt","シ; と.める, と.まる, や.める, や.む","中止 (ちゅうし·0) = suspension, stoppage, interruption; 止める (とめる·0) = to stop (something); 止まる (とまる·0) = to remain, to stay; 休止 (きゅうし·0) = pause, rest; 止む (やむ·0) = to cease, to stop, be over",雨が止んだ。,,雨 が 止む,,
正,"correct, justice, righteous","セイ, ショウ; ただ.しい, ただ.す, まさ","正しい (ただしい·3) = correct, truthful, righteous; 正月 (しょうがつ·4) = New Year's Day, the first month; 正す (ただす·2) = to correct, to amend; 正体 (しょうたい·1) = natural shape, one's true character; 正道 (せいどう·0) = the right path, path of righteousness",大体正しい。,,大体 正しい,一 止,"証,症,柾"
歩,"walk, counter for steps","ホ, ブ, フ; ある.く, あゆ.む","歩く (あるく·2) = to walk; 進歩 (しんぽ·1) = to progress, to develop; 牛歩 (ぎゅうほ·1) = snail's pace, slow progress; 初歩 (しょほ·1) = rudiments, elements, ABC's of...",彼女は歩く。,,彼女 は 歩く,ノ 止 小,"渉,歳,少"
死,"death, die","シ; し.ぬ, し.に","死ぬ (しぬ·0) = to die; 死人 (しにん·0) = corpse, dead person; 死語 (しご·1) = dead language, obsolete word; 病死 (びょうし·0) = natural death; 安楽死 (あんらくし·4,3) = euthanasia",死ね！,,死ぬ,一 夕 匕 歹,"葬,老,多"
民,"people, nation, subjects",ミン; たみ,"民 (たみ·1) = nation, people; 民間 (みんかん·0) = private, unofficial, civilian; 民族 (みんぞく·1) = people, race, nation; 民家 (みんか·1) = private house; 民主 (みんしゅ·1,0) = democratic, head of nation",民の声は神の声。,,民 の 声 は 神(かみ) の 声,口 氏 尸,"眠,局,舌"
池,"pond, pool, reservoir",チ; いけ,池 (いけ·2) = pond; 電池 (でんち·1) = battery,池が干上がった。,,池 が 干上がる,汁 也,"酒,淡,浪"
注,"pour, concentrate","チュウ; そそ.ぐ, さ.す, つ.ぐ","注ぐ (そそぐ·0,2) = to pour, to fill, to feed (a fire); 注文 (ちゅうもん·0) = order, request; 注意 (ちゅうい·1) = attention, being careful; 注進 (ちゅうしん·0) = information",スリに注意。,,掏摸 に 注意,王 汁 丶,"玉,主,球"
洋,"ocean, western style",ヨウ,"海洋 (かいよう·0) = ocean; 西洋 (せいよう·1) = west, western countries; 洋風 (ようふう·0) = western style; 洋食 (ようしょく·0) = western style meal",太平洋は非常に広大だ。,,太平洋 は 非常に 広大 だ,王 汁 并 羊,"羊,養,詳"
洗,wash,セン; あら.う,"洗う (あらう·0) = to wash; 洗濯 (せんたく·0) = washing, laundry; 手洗い (てあらい·2) = washroom, lavatory; 洗車 (せんしゃ·0) = car wash",血で血を洗う。,,血 で(#2028980) 血 を 洗う,ノ 汁 土 儿,"先,銑,浩"
海,"sea, ocean",カイ; うみ,"海 (うみ·1) = sea, beach; 海外 (かいがい·1) = overseas, abroad; 海鳥 (うみどり·2) = sea bird; 北海道 (ほっかいどう·3) = hokkaido (most northern of 4 main islands of Japan)",たこは海にいる。,,蛸 は 海 に 居る(いる),汁 母 毋 乞,"毎,梅,敏"
漢,china,カン,漢字 (かんじ·0) = chinese character,彼は大食漢だ。,,彼(かれ) は 大食漢 だ,汁 艾 口 一 大 二,"嘆,天,器"
牛,cow,ギュウ; うし,牛 (うし·0) = cow; 牛肉 (ぎゅうにく·0) = beef; 牛歩 (ぎゅうほ·1) = snail's pace; 和牛 (わぎゅう·0) = Japanese beef cow; 水牛 (すいぎゅう·0) = water buffalo,牛は乳が出る。,,牛 は 乳 が 出る,,
物,"thing, object, matter","ブツ, モツ; もの","物 (もの·2,0) = thing, object; 建物 (たてもの·2,3) = building; 物語 (ものがたり·3) = tale, legend, story; 買い物 (かいもの·0) = shopping; 動物 (どうぶつ·0) = animal",物は試し。,,物(もの) は 試し,勿 牛 勹 ノ,"易,傷,惣"
特,special,トク,"特別 (とくべつ·0) = special; 特に (とくに·1) = particularly, especially; 特集 (とくしゅう·0) = special feature, special edition; 特急 (とっきゅう·0) = limited express train",いや特にないわ。,,否(いや) 特に 無い わ,牛 寸 土,"封,寺,走"
犬,dog,ケン; いぬ,犬 (いぬ·2) = dog; 野犬 (やけん·0) = stray dog,猛犬に注意！,,猛犬 に 注意,大 丶,"太,汰,駄"
理,"logic, reason, justice",リ,"理 (り·1,0) = reason; 料理 (りょうり·1) = cooking, cuisine; 物理 (ぶつり·1) = physics; 地理 (ちり·1) = geography; 真理 (しんり·1) = truth",地理は弱い。,,地理 は 弱い,王 里,"黒,羊,童"
産,"products, give birth","サン; う.む, う.まれる, うぶ","産業 (さんぎょう·0) = industry; 不動産 (ふどうさん·2,0) = real estate; 産む (うむ·0) = to give birth, to produce",彼は資産家だ。,,彼(かれ) は 資産家 だ,ノ 生 并 立 亠 厂,"彦,衣,亡"
用,"use, employ, utilise",ヨウ; もち.いる,"用 (よう·1) = task, business, use; 信用 (しんよう·0) = confidence; 起用 (きよう·0) = appointment, promotion; 用地 (ようち·1) = site; 用紙 (ようし·0,1) = blank form",ご用件は？,,御(ご) 用件 は,,
田,"rice field, rice paddy",デン; た,田 (た·1) = rice field; 新田 (しんでん·0) = a new rice field,この田舎者めが。,,此の 田舎者 奴(め) が,,
町,"town, village, town",チョウ; まち,"町 (まち·2) = town, street, road; 町中 (まちなか·0) = downtown",町は眠っていた。,,町(まち) は 眠る,一 田 亅,"了,丁,訂"
画,"brush stroke, picture","ガ, カク, エ, カイ; えが.く, かぎ.る, かぎ","映画 (えいが·1,0) = movie, film; 計画 (けいかく·0) = plan, schedule; 画家 (がか·0) = painter, artist; 映画館 (えいがかん·3) = cinema, movie theatre; 区画 (くかく·0) = division, section",彼は画家だ。,,彼(かれ) は 画家 だ,一 田 凵,"凹,畳,町"
界,world,カイ,"世界 (せかい·1) = world; 学界 (がっかい·0) = academic world; 外界 (がいかい·0) = physical world, the externals",新世界だからな。,,新世界 だから な,田 个 儿,"鬼,鋭,魂"
病,"ill, sick","ビョウ, ヘイ; や.む, やまい",病院 (びょういん·0) = hospital; 病気 (びょうき·0) = sick; 病死 (びょうし·0) = (dying a) natural death; 病人 (びょうにん·0) = sick person,病は気から。,,病(やまい) は 気(き) から,一 人 冂 疔,"丙,肉,内"
発,"departure, emit, disclose","ハツ, ホツ; た.つ","発表 (はっぴょう·0) = announcement, publication; 発言 (はつげん·0) = proposal, speech; 発 (はつ·1) = counter for gunshots; 出発 (しゅっぱつ·0) = departure; 発見 (はっけん·0) = discovery, detection",再発しますか。,,再発 為る(する) か,二 儿 癶,"廃,元,完"
県,prefecture,ケン,県 (けん·1) = prefecture; 県内 (けんない·1) = within the prefecture; 県外 (けんがい·1) = outside the prefecture,私は兵庫県に住んでいる。,,私(わたし) は 兵庫県 に 住む,小 目,"省,自,督"
真,"true, reality","シン; ま, まこと","写真 (しゃしん·0) = photograph; 真中 (まんなか·0) = centre, mid-way; 真理 (しんり·1) = truth; 真っ白 (まっしろ·3) = pure white",真っ暗闇だ。,,真っ暗闇 だ,一 十 ハ 目,"慎,具,鎮"
着,"arrive, wear","チャク, ジャク; き.る, き.せる, つ.く, つ.ける","着る (きる·0) = to wear; 着く (つく·1,2) = to arrive; 着物 (きもの·0) = kimono (Japanese-style dress); 下着 (したぎ·0) = underwear",着てみない？,,着る 見る,ノ 王 并 目 羊,"瑳,差,羊"
知,"know, wisdom",チ; し.る,"知る (しる·0) = to know; 知恵 (ちえ·2) = wisdom, wit; 知らせる (しらせる·0) = to notice, to advise; 知らせ (しらせ·0) = notice; 人見知り (ひとみしり·0,3) = shyness",先刻承知。,,先刻 承知,口 矢 乞,"痴,智,短"
短,"short, fault, defect",タン; みじか.い,短い (みじかい·3) = short; 短気 (たんき·1) = short temper,彼は短気だ。,,彼(かれ) は 短気 だ,口 豆 并 矢 乞,"知,豆,登"
研,"polish, sharpen, study",ケン; と.ぐ,"研究 (けんきゅう·0) = research; 研究者 (けんきゅうしゃ·3) = researcher; 研ぐ (とぐ·1) = to sharpen, to grind",彼は研究に夢中だ。,,彼(かれ) は 研究 に 夢中 だ,｜ 口 石 亅 廾 ノ 二 一,"井,才,垂"
私,"private, I, me","シ; わたくし, わたし","私 (わたし·0) = Me, I; 私学 (しがく·1,0) = private school; 私服 (しふく·0) = plain clothes; 私見 (しけん·0) = personal opinion",私も。,,私(わたし) も,禾 厶,"香,稚,移"
秋,autumn,シュウ; あき,"秋 (あき·1) = autumn; 秋風 (あきかぜ·2,3) = autumn breeze; 春秋 (しゅんじゅう·0,1) = spring and autumn",男心と秋の空。,,男心 と 秋(あき) の 空(そら),火 禾,"萩,愁,炎"
究,"research, study","キュウ, ク; きわ.める","研究 (けんきゅう·0) = research, study; 学究 (がっきゅう·0) = scholar; 究明 (きゅうめい·0) = scientific investigation; 研究員 (けんきゅういん·3) = researcher",彼は研究に夢中だ。,,彼(かれ) は 研究 に 夢中 だ,穴 九 儿 宀,"突,空,窮"
答,"solution, answer","トウ; こた.え, こた.える","答え (こたえ·2) = answer; 問答 (もんどう·3) = questions and answers; 口答え (くちごたえ·3,0) = retort",何て答えたの？,,何て 答える の,口 竹 个 一 乞,"含,吟,合"
紙,paper,シ; かみ,"紙 (かみ·2) = paper; 手紙 (てがみ·0) = letter; 用紙 (ようし·0,1) = blank form, answer sheet",紙がほしい。,,紙 が 欲しい,氏 糸 幺 小,"糸,緋,維"
終,"end, finish","シュウ; お.わる, お.える","終わる (おわる·0) = to finish, to close; 終わり (おわり·0) = the end; 始終 (しじゅう·1) = from beginning to end",いつ終わるの？,,何時(いつ) 終わる の,糸 幺 小 夂,"絡,綾,縫"
習,learn,"シュウ; なら.う, なら.い","習う (ならう·2) = to learn; 教習 (きょうしゅう·0) = training, instruction; 見習う (みならう·3,0) = to follow another's example",六十の手習い。,,六十 の 手習い,羽 白 冫,"羽,翌,楽"
考,"consider, think over","コウ; かんが.える, かんが.え","考える (かんがえる·4,3) = to think, to consider; 考え (かんがえ·3) = thought, idea; 考え方 (かんがえかた·5,6) = way of thinking",考えとくよ。,,考え とく よ,老 勹,"色,者,欠"
者,"somone, person",シャ; もの,"者 (もの·2) = person; 業者 (ぎょうしゃ·1) = trader, merchant; 死者 (ししゃ·1,2) = casualty, deceased (person); 医者 (いしゃ·0) = doctor; 科学者 (かがくしゃ·2,3) = scientist",似た者夫婦。,,似た者 夫婦,日 老,"暑,都,諸"
肉,meat,ニク,肉 (にく·2) = meat; 牛肉 (ぎゅうにく·0) = beef; 肉親 (にくしん·0) = blood relative; 肉屋 (にくや·2) = butcher,全身筋肉痛だ。,,全身 筋肉痛 だ,冂 人,"内,丙,病"
自,oneself,"ジ, シ; みずか.ら, おの.ずから","自分 (じぶん·0) = oneself; 自動 (じどう·0) = automatic; 自転車 (じてんしゃ·2,0) = bicycle; 自国 (じこく·0,1) = one's home country",俺は自由な男。,,俺(おれ) は 自由 男,目,"貝,見,眼"
色,colour,"ショク, シキ; いろ",色 (いろ·2) = colour; 特色 (とくしょく·0) = characteristic; 黄色 (きいろ·0) = yellow; 色々 (いろいろ·0) = various,色盲です。,,色盲 です,巴 勹,"邑,肥,考"
英,"England, english",エイ,"英語 (えいご·0) = the English language; 英文 (えいぶん·0) = sentence in English; 英明 (えいめい·0) = intelligent, wise, bright; 英知 (えいち·1) = intelligence",俺は英雄。,,俺(おれ) は 英雄,ノ 艾 大 冖,"瑛,映,央"
茶,tea,"チャ, サ",お茶 (おちゃ·0) = (green) tea; 茶色 (ちゃいろ·0) = brown; 茶道 (さどう·1) = Tea Ceremony,あれは茶番だ。,,彼(あれ) は 茶番 だ,个 艾 木,"森,林,葉"
菜,"vegetable, greens",サイ; な,"野菜 (やさい·0) = vegetables; 白菜 (はくさい·3,0) = Chinese cabbage, white rape; 菜食 (さいしょく·0) = vegetable diet",青菜に塩。,,青菜 に 塩,爪 木 艾,"采,森,林"
薬,medicine,ヤク; くすり,"薬 (くすり·0) = medicine, pharmaceuticals; 火薬 (かやく·0) = gun powder; 薬学 (やくがく·0,2) = study of pharmacy",お薬飲んだ？,,御(お) 薬(くすり) 飲む,日 木 冫 艾,"菖,模,羽"
親,"parent, relative, intimacy","シン; おや, した.しい, した.しむ","親 (おや·2) = parents; 両親 (りょうしん·1) = parents; 親しい (したしい·3) = intimate, close (eg friend); 親切 (しんせつ·1,0) = kindness, gentleness; 親友 (しんゆう·0) = close friend",ご親切に。,,ご親切に,見 辛 并 木 立 亠,"新,薪,梓"
計,"plot, plan, scheme, measure","ケイ; はか.る, はか.らう","計画 (けいかく·0) = plan, project, program; 時計 (とけい·0) = watch, clock; 計る (はかる·2) = to measure",体温を計る。,,体温 を 計る,言 十,"講,汁,許"
試,"test, try, attempt","シ; こころ.みる, ため.す","試合 (しあい·0) = match; 試験 (しけん·2) = exam, test; 試み (こころみ·0,4) = trial, experiment; 試食 (ししょく·0) = sampling food",物は試し。,,物(もの) は 試し,言 工 弋,"式,談,訪"
説,"rumour, opinion, theory","セツ, ゼイ; と.く","説明 (せつめい·0) = explanation; 小説 (しょうせつ·0) = novel, short story; 説 (せつ·1) = theory; 学説 (がくせつ·0) = theory",釈迦に説法。,,釈迦に説法,言 口 并 儿,"豆,兄,閲"
貸,lend,タイ; か.す,貸す (かす·0) = to lend; 貸し (かし·0) = loan,貸し間あり。,,貸間 有る,化 貝 目 ハ 弋,"買,賦,賃"
質,"substance, quality, matter","シツ, シチ, チ; たち, ただ.す","質 (しつ·0,2) = quality; 質問 (しつもん·0) = question, inquiry; 水質 (すいしつ·0) = water quality; 悪質 (あくしつ·0) = bad quality, malignant",よい質問だ。,,良い 質問 だ,貝 目 ハ 斤,"買,貝,貧"
赤,red,"セキ, シャク; あか, あか.い, あか.らむ, あか.らめる",赤い (あかい·0) = red; 赤ちゃん (あかちゃん·1) = baby; 赤道 (せきどう·0) = equator,赤丸で囲む。,,赤 丸(まる) で(#2028980) 囲む,土,"走,圭,社"
走,run,ソウ; はし.る,走る (はしる·2) = to run; 走り書き (はしりがき·0) = scribble,彼は走る。,,彼(かれ) は 走る,土,"赤,圭,社"
起,"wake, get up","キ; お.きる, お.こる, お.こす","起きる (おきる·2) = to wake up; 起こる (おこる·2) = to occur, to happen",早く起きろ。,,早く 起きる,走 土 已,"走,赤,巳"
転,"revolve, turn around, change","テン; ころ.ぶ, ころ.がる, ころ.げる, うた.た","転じる (てんじる·0,3) = to turn, to shift; 自転車 (じてんしゃ·2,0) = bicycle; 転ぶ (ころぶ·0) = to fall down, to fall over; 転売 (てんばい·0) = resale",転ばぬ先の杖。,,転ぶ 先(さき) 杖(つえ),車 二 厶,"芸,伝,会"
軽,"light, unimportant","ケイ; かる.い, かろ.やか","軽い (かるい·0) = light, non-serious; 手軽 (てがる·0) = easy, simple, informal; 気軽 (きがる·0) = cheerful, lighthearted; 軽々 (かるがる·3) = lightly, easily; 軽口 (かるくち·0) = talkative, loose-lipped; 軽音楽 (けいおんがく·3) = light music",彼は口が軽い。,,彼(かれ) は 口が軽い,車 土 又,"走,赤,皮"
近,near,"キン, コン; ちか.い","近い (ちかい·2) = near, close by; 近所 (きんじょ·1) = neighbourhood; 近道 (ちかみち·2) = shortcut, short way",最近どうだ？,,最近 如何(どう) だ,斤 込,"逝,進,連"
送,send,ソウ; おく.る,"送る (おくる·0) = to send, to see off (person); 先送り (さきおくり·0) = postpone; 送電 (そうでん·0) = electric supply; 送別 (そうべつ·0) = farewell, send off",誰に送るの？,,誰 に 送る の,込 并 大 一 二,"天,拳,三"
通,"pass through, commute","ツウ, ツ; とお.る, とお.す, -どお.し, かよ.う","通う (かよう·0) = to commute, to go back and forth; 通る (とおる·1) = to pass by, to walk along; 通い (かよい·0) = coming and going, commuting; 通す (とおす·1) = to let pass, to overlook; 通信社 (つうしんしゃ·3) = newsagency",その通り！,,其の 通り(とおり),込 用 マ,"矛,痛,踊"
進,"advance, proceed, progress","シン; すす.む, すす.める","進む (すすむ·0) = to make progress; 進歩 (しんぽ·1) = progress, development",全速前進。,,全速 前進,込 隹,"集,雅,隼"
運,"transport, progress, luck, fate",ウン; はこ.ぶ,"運 (うん·1) = fortune, luck, (運がいい=to have good luck); 運ぶ (はこぶ·0) = to transport; 運動 (うんどう·0) = exercise; 運転 (うんてん·0) = driving, motion",悪運が強い。,,悪運 が 強い(つよい),込 車 冖,"連,軍,蓮"
遠,"distant, far","エン, オン; とお.い","遠い (とおい·0) = far, distant; 遠足 (えんそく·0) = trip, hike, picnic; 遠まわし (とおまわし·3,0) = indirect (roundabout) expression; 遠心力 (えんしんりょく·3) = centrifugal force",遠慮しないで。,,遠慮 為る(する),衣 口 込 土,"吐,週,造"
都,"metropolis, capital","ト, ツ; みやこ",都 (みやこ·0) = capital; 京都 (きょうと·1) = Kyoto (city); 都会 (とかい·0) = city,住めば都。,,住む 都(みやこ),日 邦 老,"者,暑,晶"
重,"heavy, pile up","ジュウ, チョウ; おも.い, おも.り, おも.なう, かさ.ねる, かさ.なる, え","重い (おもい·0) = heavy; 重ねる (かさねる·0) = to pile up, to heap; 重大 (じゅうだい·0) = serious, important, grave; 体重 (たいじゅう·0) = one's body weight; 重さ (おもさ·0) = weight",頭が重い。,,頭が重い,｜ ノ 一 日 里,"動,量,曹"
野,"plains, field, civilian life","ヤ, ショ; の, の-","野菜 (やさい·0) = vegetable; 野生 (やせい·(名)0,(代)1) = wild; 野鳥 (やちょう·0) = (wild) bird; 野外 (やがい·1,0) = suburbs, outskirts",この野郎！,,此の 野郎,矛 里 亅,"黒,茅,童"
銀,silver,ギン; しろがね,銀行 (ぎんこう·0) = bank; 銀色 (ぎんいろ·0) = silver; 水銀 (すいぎん·0) = mercury,彼は銀行員です。,,彼(かれ) は 銀行員 です,金 艮,"良,限,鈍"
門,gates,"モン; かど, と","門 (もん·1) = gate; 門下 (もんか·1) = one's pupil or follower; 門外漢 (もんがいかん·3) = amateur, outsider, layman; 入門 (にゅうもん·0) = primer, manual",口は禍の門。,,口(くち) は 災い の 門(もん),,
開,"open, unseal","カイ; ひら.く, ひら.ける, あ.く, あ.ける",開く (あく·0) = to open,本を開くな。,,本(ほん) を 開く(ひらく) な,一 門 廾 二 ノ,"形,刑,邦"
院,"institution, school",イン,"病院 (びょういん·0) = hospital; 学院 (がくいん·0) = institute, academy; 大学院 (だいがくいん·4) = graduate school; 入院 (にゅういん·0) = hospital admission",ここは病院だ。,,此処 は 病院 だ,二 儿 宀 阡 元,"完,莞,元"
集,"gather, meet, congregate","シュウ; あつ.める, あつ.まる, つど.う","集める (あつめる·3) = to gather, to assemble; 集まる (あつまる·3) = to gather, to assemble; 集中 (しゅうちゅう·0) = concentration; 集 (しゅう·1) = collection",がは灯に集まる。,,蛾 は 灯(ひ) に 集まる,木 隹,"椎,雑,権"
青,"blue, green","セイ, ショウ; あお, あお-",青 (あお·1) = blue; 青空 (あおぞら·3) = blue sky,空は青い。,,空(そら) は 青い,月 土 二 亠,"靖,請,精"
音,"sound, noise","オン, イン; おと, ね","音楽 (おんがく·1) = music; 音 (おと·2) = sound; 音質 (おんしつ·0) = tone quality; 足音 (あしおと·3,4) = sound of footsteps; 物音 (ものおと·3,4) = sounds",音楽は好き？,,音楽 は 好き(すき),日 立,"暗,章,晶"
頭,"head, chief, top","トウ, ズ; あたま, かしら","頭 (あたま·3,2) = head",頭が痛い。,,頭(あたま) が 痛い,貝 目 ハ 口 豆 并 頁,"唄,員,碩"
題,"topic, subject",ダイ,"問題 (もんだい·0) = problem, question; 宿題 (しゅくだい·0) = homework",問題だなあ。,,問題 だ なあ,貝 目 ハ 日 疋 頁,"顕,買,頒"
顔,"face, expression",ガン; かお,"顔 (かお·0) = face (person); 笑顔 (えがお·1) = smiling face; 顔色 (かおいろ·0) = complexion, expression; 新顔 (しんがお·0) = newcomer, new face",顔が赤いよ。,,顔(かお) が 赤い よ,貝 目 ハ 頁 立 亠 厂 彡,"須,買,貝"
風,"wind, manner","フウ, フ; かぜ, かざ",風 (かぜ·0) = wind; 台風 (たいふう·3) = typhoon; 洋風 (ようふう·0) = western style; 風習 (ふうしゅう·0) = custom,風が凪いだ。,,風(かぜ) が 凪ぐ,几 虫 ノ,"楓,颯,殺"
飯,food,ハン; めし,"赤飯 (せきはん·0,3) = red rice; 夕飯 (ゆうはん·0) = evening meal; ご飯 (ごはん·1) = meal, rice; 朝ご飯 (あさごはん·3) = breakfast",夕飯をせかせる。,,夕飯 を 急かせる,食 又 厂,"反,皮,返"
館,"large building, palace","カン; やかた, たて","図書館 (としょかん·2) = library; 旅館 (りょかん·0) = Japanese-style inn; 映画館 (えいがかん·3) = cinema, movie theatre; 本館 (ほんかん·0,1) = main building",明日図書館でね。,,明日 図書館 で(#2028980) ね(#2029080),口 食 宀 ｜,"官,中,棺"
首,neck,シュ; くび,"首 (くび·0) = neck; 足首 (あしくび·2,3) = ankle; 手首 (てくび·1) = wrist; 自首 (じしゅ·0,1) = to surrender, to give oneself up",おまえは首だ。,,お前 は 首(くび) だ,自 并 目,"自,臭,息"
験,"verify, test","ケン, ゲン; あかし, しるし, ため.す, し.るべ","試験 (しけん·2) = test, exam; 体験 (たいけん·0) = personal experience",受験に落ちた。,,受験 に 落ちる,口 人 馬 个 杰,"駒,険,検"
鳥,bird,チョウ; とり,"鳥 (とり·0) = bird; 小鳥 (ことり·0) = small bird; 野鳥 (やちょう·0) = wild bird; 一石二鳥 (いっせきにちょう·0,5) = two birds with one stone",鳥が囀る。,,鳥 が 囀る,杰,"馬,黒,魚"
黒,black,"コク; くろ, くろ.める, くろ.ずむ","黒 (くろ·1) = black; 黒字 (くろじ·0) = to be in the black; 白黒 (しろくろ·0,1) = black and white; 黒っぽい (くろっぽい·4) = dark, blackish",彼は腹黒い。,,彼(かれ) は 腹黒い,里 杰,"黙,鳥,鯉"
